<?xml version="1.0" encoding="UTF-8"?>
<kcfg xmlns="http://www.kde.org/standards/kcfg/1.0"
      xmlns:xsi="http://www.w3.org/2001/XMLSchema-instance"
      xsi:schemaLocation="http://www.kde.org/standards/kcfg/1.0
      http://www.kde.org/standards/kcfg/1.0/kcfg.xsd" >
  <kcfgfile name=""/>

  <group name="General">
      <entry name="testIntEntry" type="Int">
        <default>23</default>
      </entry>
      <entry name="testStringEntry" type="String">
        <default>string-value</default>
      </entry>
  </group>

</kcfg>
