{
    "KPlugin": {
        "Authors": [
            {
                "Email": "aseigo@kde.org",
                "Name": "Aaron Seigo",
                "Name[ar]": "Aaron Seigo",
                "Name[ca@valencia]": "Aaron Seigo",
                "Name[ca]": "Aaron Seigo",
                "Name[cs]": "Aaron Seigo",
                "Name[da]": "Aaron Seigo",
                "Name[de]": "Aaron Seigo",
                "Name[el]": "Aaron Seigo",
                "Name[en_GB]": "Aaron Seigo",
                "Name[es]": "Aaron Seigo",
                "Name[et]": "Aaron Seigo",
                "Name[eu]": "Aaron Seigo",
                "Name[fi]": "Aaron Seigo",
                "Name[fr]": "Aaron Seigo",
                "Name[gl]": "Aaron Seigo",
                "Name[hu]": "Aaron Seigo",
                "Name[ia]": "Aaron Seigo",
                "Name[id]": "Aaron Seigo",
                "Name[it]": "Aaron Seigo",
                "Name[ko]": "Aaron Seigo",
                "Name[nl]": "Aaron Seigo",
                "Name[nn]": "Aaron Seigo",
                "Name[pl]": "Aaron Seigo",
                "Name[pt]": "Aaron Seigo",
                "Name[pt_BR]": "Aaron Seigo",
                "Name[ru]": "Aaron Seigo",
                "Name[sk]": "Aaron Seigo",
                "Name[sl]": "Aaron Seigo",
                "Name[sr@ijekavian]": "Арон Џ. Сајго",
                "Name[sr@ijekavianlatin]": "Aron Dž. Sajgo",
                "Name[sr@latin]": "Aron Dž. Sajgo",
                "Name[sr]": "Арон Џ. Сајго",
                "Name[sv]": "Aaron Seigo",
                "Name[tr]": "Aaron Seigo",
                "Name[uk]": "Aaron Seigo",
                "Name[x-test]": "xxAaron Seigoxx",
                "Name[zh_CN]": "Aaron Seigo",
                "Name[zh_TW]": "Aaron Seigo"
            }
        ],
        "Id": "Plasma/ContainmentActions",
        "Name": "Containment Actions",
        "Name[ca@valencia]": "Accions del contenidor",
        "Name[ca]": "Accions del contenidor",
        "Name[da]": "Beholder-handlinger",
        "Name[de]": "Containment-Aktionen",
        "Name[el]": "Ενέργειες υποδοχέα",
        "Name[en_GB]": "Containment Actions",
        "Name[es]": "Acciones del contenedor",
        "Name[et]": "Konteineritoimingud",
        "Name[eu]": "Konfinamenduen ekintzak",
        "Name[fi]": "Sovelmasäiliön toiminnot",
        "Name[fr]": "Actions de conteneur",
        "Name[gl]": "Accións de contención",
        "Name[hu]": "Tartalomműveletek",
        "Name[ia]": "Actiones de continer",
        "Name[id]": "Containment Actions",
        "Name[it]": "Azioni dei contenitori",
        "Name[ko]": "컨테이너 동작",
        "Name[nl]": "Containeracties",
        "Name[nn]": "Behaldarhandlingar",
        "Name[pl]": "Działania pojemnika",
        "Name[pt]": "Acções do Contentor",
        "Name[pt_BR]": "Ações do contêiner",
        "Name[ru]": "Действия для контейнера Plasma",
        "Name[sk]": "Akcie obsahu",
        "Name[sl]": "Dejanja vsebnikov",
        "Name[sr@ijekavian]": "Радње садржаоца",
        "Name[sr@ijekavianlatin]": "Radnje sadržaoca",
        "Name[sr@latin]": "Radnje sadržaoca",
        "Name[sr]": "Радње садржаоца",
        "Name[sv]": "Omgivningsåtgärder",
        "Name[tr]": "Sınırlama Eylemleri",
        "Name[uk]": "Дії з контейнерами",
        "Name[x-test]": "xxContainment Actionsxx",
        "Name[zh_CN]": "容器动作",
        "Name[zh_TW]": "遏止動作",
        "ServiceTypes": [
            "KPackage/PackageStructure"
        ],
        "Version": "1"
    },
    "X-KDE-ParentApp": "org.kde.plasmashell"
}
