{
    "KPlugin": {
        "Authors": [
            {
                "Email": "aseigo@kde.org",
                "Name": "Aaron Seigo",
                "Name[ar]": "Aaron Seigo",
                "Name[ca@valencia]": "Aaron Seigo",
                "Name[ca]": "Aaron Seigo",
                "Name[cs]": "Aaron Seigo",
                "Name[da]": "Aaron Seigo",
                "Name[de]": "Aaron Seigo",
                "Name[el]": "Aaron Seigo",
                "Name[en_GB]": "Aaron Seigo",
                "Name[es]": "Aaron Seigo",
                "Name[et]": "Aaron Seigo",
                "Name[eu]": "Aaron Seigo",
                "Name[fi]": "Aaron Seigo",
                "Name[fr]": "Aaron Seigo",
                "Name[gl]": "Aaron Seigo",
                "Name[hu]": "Aaron Seigo",
                "Name[ia]": "Aaron Seigo",
                "Name[id]": "Aaron Seigo",
                "Name[it]": "Aaron Seigo",
                "Name[ko]": "Aaron Seigo",
                "Name[nl]": "Aaron Seigo",
                "Name[nn]": "Aaron Seigo",
                "Name[pl]": "Aaron Seigo",
                "Name[pt]": "Aaron Seigo",
                "Name[pt_BR]": "Aaron Seigo",
                "Name[ru]": "Aaron Seigo",
                "Name[sk]": "Aaron Seigo",
                "Name[sl]": "Aaron Seigo",
                "Name[sr@ijekavian]": "Арон Џ. Сајго",
                "Name[sr@ijekavianlatin]": "Aron Dž. Sajgo",
                "Name[sr@latin]": "Aron Dž. Sajgo",
                "Name[sr]": "Арон Џ. Сајго",
                "Name[sv]": "Aaron Seigo",
                "Name[tr]": "Aaron Seigo",
                "Name[uk]": "Aaron Seigo",
                "Name[x-test]": "xxAaron Seigoxx",
                "Name[zh_CN]": "Aaron Seigo",
                "Name[zh_TW]": "Aaron Seigo"
            }
        ],
        "Id": "Plasma/DataEngine",
        "Name": "Data Engine",
        "Name[ar]": "محرّك بيانات",
        "Name[ca@valencia]": "Motor de dades",
        "Name[ca]": "Motor de dades",
        "Name[cs]": "Datový nástroj",
        "Name[da]": "Datamotor",
        "Name[de]": "Datenmodul",
        "Name[el]": "Μηχανή δεδομένων",
        "Name[en_GB]": "Data Engine",
        "Name[es]": "Motor de datos",
        "Name[et]": "Andmemootor",
        "Name[eu]": "Datu-motorea",
        "Name[fi]": "Tietomoottori",
        "Name[fr]": "Moteur de données",
        "Name[gl]": "Motor de datos",
        "Name[hu]": "Adatmotor",
        "Name[ia]": "Motor de datos",
        "Name[id]": "Mesin Data",
        "Name[it]": "Motore dati",
        "Name[ko]": "데이터 엔진",
        "Name[nl]": "Gegevensengine",
        "Name[nn]": "Datamotor",
        "Name[pl]": "Silnik danych",
        "Name[pt]": "Motor de Dados",
        "Name[pt_BR]": "Mecanismo de dados",
        "Name[ru]": "Источник данных Plasma",
        "Name[sk]": "Dátový nástroj",
        "Name[sl]": "Podatkovni pogon",
        "Name[sr@ijekavian]": "Датомотор",
        "Name[sr@ijekavianlatin]": "Datomotor",
        "Name[sr@latin]": "Datomotor",
        "Name[sr]": "Датомотор",
        "Name[sv]": "Datagränssnitt",
        "Name[tr]": "Veri Motoru",
        "Name[uk]": "Рушій даних",
        "Name[x-test]": "xxData Enginexx",
        "Name[zh_CN]": "数据引擎",
        "Name[zh_TW]": "資料引擎",
        "ServiceTypes": [
            "KPackage/PackageStructure"
        ],
        "Version": "1"
    },
    "X-KDE-ParentApp": "org.kde.plasmashell"
}
