{
    "KPlugin": {
        "Authors": [
            {
                "Email": "aseigo@kde.org",
                "Name": "Aaron Seigo",
                "Name[ar]": "Aaron Seigo",
                "Name[ca@valencia]": "Aaron Seigo",
                "Name[ca]": "Aaron Seigo",
                "Name[cs]": "Aaron Seigo",
                "Name[da]": "Aaron Seigo",
                "Name[de]": "Aaron Seigo",
                "Name[el]": "Aaron Seigo",
                "Name[en_GB]": "Aaron Seigo",
                "Name[es]": "Aaron Seigo",
                "Name[et]": "Aaron Seigo",
                "Name[eu]": "Aaron Seigo",
                "Name[fi]": "Aaron Seigo",
                "Name[fr]": "Aaron Seigo",
                "Name[gl]": "Aaron Seigo",
                "Name[hu]": "Aaron Seigo",
                "Name[ia]": "Aaron Seigo",
                "Name[id]": "Aaron Seigo",
                "Name[it]": "Aaron Seigo",
                "Name[ko]": "Aaron Seigo",
                "Name[nl]": "Aaron Seigo",
                "Name[nn]": "Aaron Seigo",
                "Name[pl]": "Aaron Seigo",
                "Name[pt]": "Aaron Seigo",
                "Name[pt_BR]": "Aaron Seigo",
                "Name[ru]": "Aaron Seigo",
                "Name[sk]": "Aaron Seigo",
                "Name[sl]": "Aaron Seigo",
                "Name[sr@ijekavian]": "Арон Џ. Сајго",
                "Name[sr@ijekavianlatin]": "Aron Dž. Sajgo",
                "Name[sr@latin]": "Aron Dž. Sajgo",
                "Name[sr]": "Арон Џ. Сајго",
                "Name[sv]": "Aaron Seigo",
                "Name[tr]": "Aaron Seigo",
                "Name[uk]": "Aaron Seigo",
                "Name[x-test]": "xxAaron Seigoxx",
                "Name[zh_CN]": "Aaron Seigo",
                "Name[zh_TW]": "Aaron Seigo"
            }
        ],
        "Id": "Plasma/Applet",
        "Name": "Plasmoid",
        "Name[ar]": "بلازمويد",
        "Name[ca@valencia]": "Plasmoide",
        "Name[ca]": "Plasmoide",
        "Name[cs]": "Plasmoid",
        "Name[da]": "Plasmoid",
        "Name[de]": "Plasmoid",
        "Name[el]": "Πλασμοειδές",
        "Name[en_GB]": "Plasmoid",
        "Name[es]": "Plasmoide",
        "Name[et]": "Plasmoid",
        "Name[eu]": "Plasmoidea",
        "Name[fi]": "Plasmoidi",
        "Name[fr]": "Plasmoïde",
        "Name[gl]": "Plasmoide",
        "Name[hu]": "Plasmoid",
        "Name[ia]": "Plasmoid",
        "Name[id]": "Plasmoid",
        "Name[it]": "Plasmoide",
        "Name[ko]": "Plasmoid",
        "Name[nl]": "Plasmoid",
        "Name[nn]": "Plasmoide",
        "Name[pl]": "Plazmoid",
        "Name[pt]": "Plasmóide",
        "Name[pt_BR]": "Plasmoide",
        "Name[ru]": "Виджет Plasma",
        "Name[sk]": "Plasmoid",
        "Name[sl]": "Plasmoid",
        "Name[sr@ijekavian]": "Плазмоид",
        "Name[sr@ijekavianlatin]": "Plazmoid",
        "Name[sr@latin]": "Plazmoid",
        "Name[sr]": "Плазмоид",
        "Name[sv]": "Plasmoid",
        "Name[tr]": "Plasmoid",
        "Name[uk]": "Плазмоїд",
        "Name[x-test]": "xxPlasmoidxx",
        "Name[zh_CN]": "小部件",
        "Name[zh_TW]": "元件",
        "ServiceTypes": [
            "KPackage/PackageStructure"
        ],
        "Version": "1"
    },
    "X-KDE-ParentApp": "org.kde.plasmashell"
}
