{
    "KPlugin": {
        "Authors": [
            {
                "Email": "aseigo@kde.org",
                "Name": "Aaron Seigo",
                "Name[ar]": "Aaron Seigo",
                "Name[ca@valencia]": "Aaron Seigo",
                "Name[ca]": "Aaron Seigo",
                "Name[cs]": "Aaron Seigo",
                "Name[da]": "Aaron Seigo",
                "Name[de]": "Aaron Seigo",
                "Name[el]": "Aaron Seigo",
                "Name[en_GB]": "Aaron Seigo",
                "Name[es]": "Aaron Seigo",
                "Name[et]": "Aaron Seigo",
                "Name[eu]": "Aaron Seigo",
                "Name[fi]": "Aaron Seigo",
                "Name[fr]": "Aaron Seigo",
                "Name[gl]": "Aaron Seigo",
                "Name[hu]": "Aaron Seigo",
                "Name[ia]": "Aaron Seigo",
                "Name[id]": "Aaron Seigo",
                "Name[it]": "Aaron Seigo",
                "Name[ko]": "Aaron Seigo",
                "Name[nl]": "Aaron Seigo",
                "Name[nn]": "Aaron Seigo",
                "Name[pl]": "Aaron Seigo",
                "Name[pt]": "Aaron Seigo",
                "Name[pt_BR]": "Aaron Seigo",
                "Name[ru]": "Aaron Seigo",
                "Name[sk]": "Aaron Seigo",
                "Name[sl]": "Aaron Seigo",
                "Name[sr@ijekavian]": "Арон Џ. Сајго",
                "Name[sr@ijekavianlatin]": "Aron Dž. Sajgo",
                "Name[sr@latin]": "Aron Dž. Sajgo",
                "Name[sr]": "Арон Џ. Сајго",
                "Name[sv]": "Aaron Seigo",
                "Name[tr]": "Aaron Seigo",
                "Name[uk]": "Aaron Seigo",
                "Name[x-test]": "xxAaron Seigoxx",
                "Name[zh_CN]": "Aaron Seigo",
                "Name[zh_TW]": "Aaron Seigo"
            }
        ],
        "Id": "Plasma/Generic",
        "Name": "Generic",
        "Name[ar]": "عامّة",
        "Name[ca@valencia]": "Genèric",
        "Name[ca]": "Genèric",
        "Name[cs]": "Obecné",
        "Name[da]": "Generisk",
        "Name[de]": "Generisch",
        "Name[en_GB]": "Generic",
        "Name[es]": "General",
        "Name[et]": "Üldine",
        "Name[eu]": "Orokorra",
        "Name[fi]": "Yleinen",
        "Name[fr]": "Générique",
        "Name[gl]": "Xenérico",
        "Name[hu]": "Általános",
        "Name[ia]": "Generic",
        "Name[id]": "Generik",
        "Name[it]": "Generico",
        "Name[ko]": "일반",
        "Name[nl]": "Algemeen",
        "Name[nn]": "Generisk",
        "Name[pl]": "Ogólne",
        "Name[pt]": "Genérico",
        "Name[pt_BR]": "Genérico",
        "Name[ru]": "Пакет Plasma общего назначения",
        "Name[sk]": "Všeobecné",
        "Name[sl]": "Splošno",
        "Name[sr@ijekavian]": "Генерички",
        "Name[sr@ijekavianlatin]": "Generički",
        "Name[sr@latin]": "Generički",
        "Name[sr]": "Генерички",
        "Name[sv]": "Generella",
        "Name[tr]": "Genel",
        "Name[uk]": "Загальний",
        "Name[x-test]": "xxGenericxx",
        "Name[zh_CN]": "通用",
        "Name[zh_TW]": "一般",
        "ServiceTypes": [
            "KPackage/PackageStructure"
        ],
        "Version": "1"
    },
    "X-KDE-ParentApp": "org.kde.plasmashell"
}
