{
    "KPlugin": {
        "Authors": [
            {
                "Email": "aseigo@kde.org",
                "Name": "Aaron Seigo",
                "Name[ar]": "Aaron Seigo",
                "Name[ca@valencia]": "Aaron Seigo",
                "Name[ca]": "Aaron Seigo",
                "Name[cs]": "Aaron Seigo",
                "Name[da]": "Aaron Seigo",
                "Name[de]": "Aaron Seigo",
                "Name[el]": "Aaron Seigo",
                "Name[en_GB]": "Aaron Seigo",
                "Name[es]": "Aaron Seigo",
                "Name[et]": "Aaron Seigo",
                "Name[eu]": "Aaron Seigo",
                "Name[fi]": "Aaron Seigo",
                "Name[fr]": "Aaron Seigo",
                "Name[gl]": "Aaron Seigo",
                "Name[hu]": "Aaron Seigo",
                "Name[ia]": "Aaron Seigo",
                "Name[id]": "Aaron Seigo",
                "Name[it]": "Aaron Seigo",
                "Name[ko]": "Aaron Seigo",
                "Name[nl]": "Aaron Seigo",
                "Name[nn]": "Aaron Seigo",
                "Name[pl]": "Aaron Seigo",
                "Name[pt]": "Aaron Seigo",
                "Name[pt_BR]": "Aaron Seigo",
                "Name[ru]": "Aaron Seigo",
                "Name[sk]": "Aaron Seigo",
                "Name[sl]": "Aaron Seigo",
                "Name[sr@ijekavian]": "Арон Џ. Сајго",
                "Name[sr@ijekavianlatin]": "Aron Dž. Sajgo",
                "Name[sr@latin]": "Aron Dž. Sajgo",
                "Name[sr]": "Арон Џ. Сајго",
                "Name[sv]": "Aaron Seigo",
                "Name[tr]": "Aaron Seigo",
                "Name[uk]": "Aaron Seigo",
                "Name[x-test]": "xxAaron Seigoxx",
                "Name[zh_CN]": "Aaron Seigo",
                "Name[zh_TW]": "Aaron Seigo"
            }
        ],
        "Id": "Plasma/Theme",
        "Name": "Plasma Theme",
        "Name[ar]": "سمة بلازما",
        "Name[ca@valencia]": "Tema del Plasma",
        "Name[ca]": "Tema del Plasma",
        "Name[cs]": "Motiv Plasma",
        "Name[da]": "Plasma-tema",
        "Name[de]": "Plasma-Design",
        "Name[el]": "Θέμα Plasma",
        "Name[en_GB]": "Plasma Theme",
        "Name[es]": "Tema de Plasma",
        "Name[et]": "Plasma teema",
        "Name[eu]": "Plasmaren gaia",
        "Name[fi]": "Plasma-teema",
        "Name[fr]": "Thème Plasma pour les thèmes foncés",
        "Name[gl]": "Tema de Plasma",
        "Name[hu]": "Plasma téma",
        "Name[ia]": "Thema de Plasma",
        "Name[id]": "Tema Plasma",
        "Name[it]": "Tema di Plasma",
        "Name[ko]": "Plasma 테마",
        "Name[nl]": "Plasma-thema",
        "Name[nn]": "Plasma-tema",
        "Name[pl]": "Wystrój Plazmy",
        "Name[pt]": "Tema do Plasma",
        "Name[pt_BR]": "Tema do Plasma",
        "Name[ru]": "Тема оформления Plasma",
        "Name[sk]": "Téma Plasmy",
        "Name[sl]": "Tema za Plasmo",
        "Name[sr@ijekavian]": "Плазма тема",
        "Name[sr@ijekavianlatin]": "Plasma tema",
        "Name[sr@latin]": "Plasma tema",
        "Name[sr]": "Плазма тема",
        "Name[sv]": "Plasmatema",
        "Name[tr]": "Plasma Teması",
        "Name[uk]": "Тема Плазми",
        "Name[x-test]": "xxPlasma Themexx",
        "Name[zh_CN]": "Plasma 主题",
        "Name[zh_TW]": "Plasma 主題",
        "ServiceTypes": [
            "KPackage/PackageStructure"
        ],
        "Version": "1"
    },
    "X-KDE-ParentApp": "org.kde.plasmashell"
}
